artist,title,year
The Beatles,Come Together,1969
The Rolling Stones,(I Can't Get No) Satisfaction,1965
The Beach Boys,Good Vibrations,1966
Aretha Franklin,Respect,1967
Louis Armstrong,What a Wonderful World,1967
The Beatles,Hey Jude,1968
Led Zeppelin,Stairway to Heaven,1971
Elton John,Rocket Man,1972
Stevie Wonder,Superstition,1972
Queen,Bohemian Rhapsody,1975
ABBA,Mamma Mia,1975
ABBA,Dancing Queen,1976
Eagles,Hotel California,1976
Fleetwood Mac,Dreams,1977
Bee Gees,Stayin' Alive,1977
David Bowie,Heroes,1977
Queen,Another One Bites the Dust,1980
Journey,Don't Stop Believin',1981
Phil Collins,In the Air Tonight,1981
Duran Duran,Hungry Like the Wolf,1982
Michael Jackson,Billie Jean,1982
Michael Jackson,Thriller,1982
Toto,Africa,1982
Survivor,Eye of the Tiger,1982
Eurythmics,Sweet Dreams (Are Made of This),1983
Cyndi Lauper,Girls Just Want to Have Fun,1983
New Order,Blue Monday,1983
Prince,Purple Rain,1984
a-ha,Take On Me,1985
Tears for Fears,Everybody Wants to Rule the World,1985
Bon Jovi,Livin' on a Prayer,1986
Rick Astley,Never Gonna Give You Up,1987
Whitney Houston,I Wanna Dance with Somebody,1987
Guns N' Roses,Sweet Child O' Mine,1987
INXS,Never Tear Us Apart,1987
Madonna,Like a Prayer,1989
Nirvana,Smells Like Teen Spirit,1991
Red Hot Chili Peppers,Under the Bridge,1991
Radiohead,Creep,1992
Mariah Carey,All I Want for Christmas Is You,1994
Green Day,Basket Case,1994
Alanis Morissette,Ironic,1995
Oasis,Wonderwall,1995
No Doubt,Don't Speak,1996
Spice Girls,Wannabe,1996
Celine Dion,My Heart Will Go On,1997
Britney Spears,...Baby One More Time,1998
Backstreet Boys,I Want It That Way,1999
TLC,No Scrubs,1999
Daft Punk,One More Time,2000
Coldplay,Yellow,2000
Linkin Park,In the End,2000
Daft Punk,Harder Better Faster Stronger,2001
Nickelback,How You Remind Me,2001
Christina Aguilera,Beautiful,2002
Beyoncé,Crazy in Love,2003
OutKast,Hey Ya!,2003
Evanescence,Bring Me to Life,2003
The White Stripes,Seven Nation Army,2003
Kelly Clarkson,Since U Been Gone,2004
Green Day,Boulevard of Broken Dreams,2004
Fall Out Boy,Sugar We're Goin Down,2005
Panic! At The Disco,I Write Sins Not Tragedies,2005
Gnarls Barkley,Crazy,2006
Amy Winehouse,Rehab,2006
Rihanna,Umbrella,2007
Katy Perry,I Kissed a Girl,2008
Lady Gaga,Just Dance,2008
Kings of Leon,Sex on Fire,2008
Black Eyed Peas,I Gotta Feeling,2009
Bruno Mars,Just the Way You Are,2010
Taio Cruz,Dynamite,2010
Adele,Rolling in the Deep,2010
Avicii,Levels,2011
David Guetta,Titanium,2011
Adele,Someone Like You,2011
Swedish House Mafia,Don't You Worry Child,2012
Imagine Dragons,Radioactive,2012
Rihanna,Diamonds,2012
Daft Punk,Get Lucky,2013
Avicii,Wake Me Up,2013
Katy Perry,Roar,2013
Lorde,Royals,2013
Pharrell Williams,Happy,2013
OneRepublic,Counting Stars,2013
Mark Ronson,Uptown Funk,2014
Taylor Swift,Shake It Off,2014
Taylor Swift,Blank Space,2014
Sia,Chandelier,2014
Ed Sheeran,Thinking Out Loud,2014
Clean Bandit,Rather Be,2014
Adele,Hello,2015
The Chainsmokers,Closer,2016
Imagine Dragons,Believer,2017
Ed Sheeran,Shape of You,2017
BTS,Dynamite,2020
Billie Eilish,Bad Guy,2019
The Weeknd,Blinding Lights,2019
Glass Animals,Heat Waves,2020
Dua Lipa,Don't Start Now,2020
Dua Lipa,Levitating,2020
The Weeknd,Save Your Tears,2020
Doja Cat,Say So,2020
Harry Styles,Watermelon Sugar,2020
Olivia Rodrigo,drivers license,2021
Olivia Rodrigo,good 4 u,2021
Billie Eilish,Happier Than Ever,2021
Ed Sheeran,Bad Habits,2021
Harry Styles,As It Was,2022
Taylor Swift,Anti-Hero,2022
Miley Cyrus,Flowers,2023
